split,true_label,column,n,mean,std,min,q1,median,q3,max
all,0,spacing_x,1,0.64453125,0.0,0.64453125,0.64453125,0.64453125,0.64453125,0.64453125
all,0,spacing_y,1,0.64453125,0.0,0.64453125,0.64453125,0.64453125,0.64453125,0.64453125
all,0,spacing_z,1,1.0,0.0,1.0,1.0,1.0,1.0,1.0
all,0,slice_thickness,1,1.0,0.0,1.0,1.0,1.0,1.0,1.0
val,0,spacing_x,1,0.64453125,0.0,0.64453125,0.64453125,0.64453125,0.64453125,0.64453125
val,0,spacing_y,1,0.64453125,0.0,0.64453125,0.64453125,0.64453125,0.64453125,0.64453125
val,0,spacing_z,1,1.0,0.0,1.0,1.0,1.0,1.0,1.0
val,0,slice_thickness,1,1.0,0.0,1.0,1.0,1.0,1.0,1.0
