group,column,n,mean,std,min,q1,median,q3,max
false2_to_1,spacing_x,41,0.6764024525153928,0.02990334172511237,0.6100000143051147,0.6650000214576721,0.6650000214576721,0.6875,0.7820000052452087
false2_to_1,spacing_y,41,0.6764024525153928,0.02990334172511237,0.6100000143051147,0.6650000214576721,0.6650000214576721,0.6875,0.7820000052452087
false2_to_1,spacing_z,41,1.0,0.0,1.0,1.0,1.0,1.0,1.0
true2_to_2,spacing_x,30,0.6685291429360708,0.03549236974848725,0.5979999899864197,0.6650000214576721,0.6650000214576721,0.6716210097074509,0.7739999890327454
true2_to_2,spacing_y,30,0.6685291429360708,0.03549236974848725,0.5979999899864197,0.6650000214576721,0.6650000214576721,0.6716210097074509,0.7739999890327454
true2_to_2,spacing_z,30,1.0,0.0,1.0,1.0,1.0,1.0,1.0
