split,n,mean,std,min,q1,median,q3,max,count_between_0.45_0.55,count_below_0.3,count_below_0.2
test,41,0.16069814253871034,0.09807182686918184,0.11389576643705368,0.11739154905080795,0.11973597854375839,0.12754693627357483,0.49961891770362854,1,36,35
