split,true_class,n,mean_P_y_gt_0,std_P_y_gt_0,mean_P_y_gt_1,std_P_y_gt_1,mean_P_y_gt_2,std_P_y_gt_2
test,0,63,9.137121312036585e-06,1.196503765442743e-07,2.1428729796175575e-06,3.604384785832819e-08,1.8325757151066524e-06,3.655216034135672e-08
test,1,74,0.9998864169056351,9.429502042761913e-05,0.38863711894766706,0.33844165342188504,0.052099462227291754,0.179635452572676
test,2,78,0.9999078336434487,9.424709336856266e-05,0.507281666669326,0.3773109072235563,0.11322408770091641,0.2517335445885119
test,3,70,0.9999663625444685,2.9917684243025187e-05,0.9291418326752526,0.13146637310795276,0.6627582576192383,0.38718707410109976
