split,true_class,n,mean,std,min,q1,median,q3,max
test,1,74,0.38863711894766706,0.33844165342188504,0.11499101668596268,0.11759427934885025,0.13570991903543472,0.7369236201047897,0.9711076021194458
test,2,78,0.507281666669326,0.3773109072235563,0.11389576643705368,0.11934544332325459,0.418627068400383,0.91806760430336,0.970828115940094
