split,true_class,n,mean_P_y_gt_0,std_P_y_gt_0,mean_P_y_gt_1,std_P_y_gt_1,mean_P_y_gt_2,std_P_y_gt_2
val,0,2,9.223477718478534e-06,6.726259016431868e-08,2.1840338604306453e-06,1.304704255744582e-08,1.8731358863988135e-06,1.658912651691935e-08
