split,true_label,column,n,mean,std,min,q1,median,q3,max
all,0,spacing_x,2,0.6943359375,0.0498046875,0.64453125,0.66943359375,0.6943359375,0.71923828125,0.744140625
all,0,spacing_y,2,0.6943359375,0.0498046875,0.64453125,0.66943359375,0.6943359375,0.71923828125,0.744140625
all,0,spacing_z,2,1.0,0.0,1.0,1.0,1.0,1.0,1.0
all,0,slice_thickness,2,1.0,0.0,1.0,1.0,1.0,1.0,1.0
val,0,spacing_x,2,0.6943359375,0.0498046875,0.64453125,0.66943359375,0.6943359375,0.71923828125,0.744140625
val,0,spacing_y,2,0.6943359375,0.0498046875,0.64453125,0.66943359375,0.6943359375,0.71923828125,0.744140625
val,0,spacing_z,2,1.0,0.0,1.0,1.0,1.0,1.0,1.0
val,0,slice_thickness,2,1.0,0.0,1.0,1.0,1.0,1.0,1.0
