split,true_class,n,mean_P_y_gt_0,std_P_y_gt_0,mean_P_y_gt_1,std_P_y_gt_1,mean_P_y_gt_2,std_P_y_gt_2
val,0,2,9.223500455846079e-06,6.726804713252932e-08,2.184035679420049e-06,1.3055682757112663e-08,1.8731367390500964e-06,1.6598619367869105e-08
