split,true_class,n,mean_P_y_gt_0,std_P_y_gt_0,mean_P_y_gt_1,std_P_y_gt_1,mean_P_y_gt_2,std_P_y_gt_2
val,0,8,9.213712246491923e-06,1.195822131272219e-07,2.164637578516704e-06,3.4457188705869853e-08,1.8529618159845995e-06,3.458946501515824e-08
