split,true_label,column,n,mean,std,min,q1,median,q3,max
all,0,spacing_x,8,0.645263671875,0.06285708463034471,0.54296875,0.59521484375,0.6484375,0.68115234375,0.744140625
all,0,spacing_y,8,0.645263671875,0.06285708463034471,0.54296875,0.59521484375,0.6484375,0.68115234375,0.744140625
all,0,spacing_z,8,1.0006631314754486,0.001754480970576352,1.0,1.0,1.0,1.0,1.0053050518035889
all,0,slice_thickness,8,1.0,0.0,1.0,1.0,1.0,1.0,1.0
val,0,spacing_x,8,0.645263671875,0.06285708463034471,0.54296875,0.59521484375,0.6484375,0.68115234375,0.744140625
val,0,spacing_y,8,0.645263671875,0.06285708463034471,0.54296875,0.59521484375,0.6484375,0.68115234375,0.744140625
val,0,spacing_z,8,1.0006631314754486,0.001754480970576352,1.0,1.0,1.0,1.0,1.0053050518035889
val,0,slice_thickness,8,1.0,0.0,1.0,1.0,1.0,1.0,1.0
