split,true_class,n,mean_P_y_gt_0,std_P_y_gt_0,mean_P_y_gt_1,std_P_y_gt_1,mean_P_y_gt_2,std_P_y_gt_2
val,0,8,9.213710654876195e-06,1.1957526653128339e-07,2.1646402501573903e-06,3.4461949220943285e-08,1.8529646013121237e-06,3.459449094670025e-08
