{
  "0": [
    1.244414821267128,
    1.3392955958843231
  ],
  "1": [
    1.2404811680316925,
    1.4225590229034424
  ],
  "2": [
    1.301055669784546,
    1.4087185263633728
  ],
  "3": [
    1.3133218884468079,
    1.4242140650749207
  ]
}